instance,n,p,val_relaxation,t_solve_s
1011EuclS.txt,60,15,99347.07189751267,1.3601040411740541
1011EuclS.txt,60,20,306433.5715892669,1.369147527962923
1011EuclS.txt,60,25,593900.9313902718,1.4963634442538023
1011EuclS.txt,60,30,973459.8458269726,1.5034335013478994
